{
    "miami" : {        
        "lamin" : 25.7646743,
        "lamax" : 25.8339240,
        "lomin" : -80.3800914,
        "lomax" : -80.2263893,

        "runway" : {
            "09" : {
                "runwayStart" : [25.7863320, -80.3142397],
                "runwayEnd" : [25.7874441, -80.2783315]
            },
            "12" : {
                "runwayStart" : [25.7987786, -80.3016798],
                "runwayEnd" : [25.7884332, -80.2816193]
            },
            "8R" : {
                "runwayStart" : [25.8007466, -80.3008050],
                "runwayEnd" : [25.8019144, -80.2700666]
            }
        }
    }
}